gpu_name,manufacturer,brand,category,architecture,gpu_chip,release_year,release_date,discontinued,process_node_nm,transistors_billion,die_size_mm2,vram_gb,vram_type,vram_bus_width_bit,memory_bandwidth_gbps,cuda_cores,stream_processors,xe_cores,tensor_cores,rt_cores,compute_units,base_clock_mhz,boost_clock_mhz,fp32_tflops,fp16_tflops,bf16_tflops,int8_tops,tdp_watts,recommended_psu_watts,slot_width,connector_type,pcie_generation,pcie_lanes,nvlink_support,display_outputs,max_displays,directx_version,opencl_version,cuda_compute_capability,ecc_support,price_usd_launch,price_usd_new_current,price_usd_newegg,price_usd_amazon,price_usd_bh,price_usd_ebay_used,link_newegg,link_amazon,link_bh,link_ebay,cost_per_gb_vram_new_usd,cost_per_gb_vram_used_usd,fp32_per_dollar_new,fp32_per_dollar_used,best_for,notes,last_modified
GeForce RTX 5090,NVIDIA,NVIDIA,consumer,Blackwell,GB202,2025,2025-01-30,false,4,92,null,32,GDDR7,512,1792,21760,null,null,680,170,null,2017,2407,104.8,null,null,null,575,1000,2-slot,16-pin,5,16,false,3x DP 2.1b + 1x HDMI 2.1a,4,12 Ultimate,3.0,12.0,false,1999,1764.0,100.0,1999.0,1000.0,742.0,https://www.newegg.com/p/pl?d=GeForce%20RTX%205090,https://www.amazon.com/s?k=GeForce%20RTX%205090,https://www.bhphotovideo.com/c/search?q=GeForce%20RTX%205090,https://www.ebay.com/sch/i.html?_nkw=GeForce%20RTX%205090%20GPU&LH_Sold=1,55.12,23.19,0.0594,0.1412,"gaming,ai_inference,ai_training,rendering",null,2026-05-06T18:30
GeForce RTX 5080,NVIDIA,NVIDIA,consumer,Blackwell,GB203,2025,2025-01-30,false,4,47,null,16,GDDR7,256,960,10752,null,null,336,84,null,2300,2617,56.3,null,null,null,360,850,2-slot,16-pin,5,16,false,3x DP 2.1b + 1x HDMI 2.1a,4,12 Ultimate,3.0,12.0,false,999,873.0,999.0,1128.65,1599.95,411.0,https://www.newegg.com/p/pl?d=GeForce%20RTX%205080,https://www.amazon.com/s?k=GeForce%20RTX%205080,https://www.bhphotovideo.com/c/search?q=GeForce%20RTX%205080,https://www.ebay.com/sch/i.html?_nkw=GeForce%20RTX%205080%20GPU&LH_Sold=1,54.56,25.69,0.0645,0.137,"gaming,ai_inference,rendering",null,2026-05-06T18:30
GeForce RTX 5070 Ti,NVIDIA,NVIDIA,consumer,Blackwell,GB203,2025,2025-01-30,false,4,47,null,16,GDDR7,256,896,8960,null,null,280,70,null,2162,2452,43.9,null,null,null,300,750,2-slot,16-pin,5,16,false,3x DP 2.1b + 1x HDMI 2.1a,4,12 Ultimate,3.0,12.0,false,749,685.0,729.99,250.0,749.0,348.0,https://www.newegg.com/p/pl?d=GeForce%20RTX%205070%20Ti,https://www.amazon.com/s?k=GeForce%20RTX%205070%20Ti,https://www.bhphotovideo.com/c/search?q=GeForce%20RTX%205070%20Ti,https://www.ebay.com/sch/i.html?_nkw=GeForce%20RTX%205070%20Ti%20GPU&LH_Sold=1,42.81,21.75,0.0641,0.1261,"gaming,ai_inference",null,2026-05-06T18:30
GeForce RTX 5070,NVIDIA,NVIDIA,consumer,Blackwell,GB205,2025,2025-03-05,false,4,38,null,12,GDDR7,192,672,6144,null,null,192,48,null,2162,2512,30.9,null,null,null,250,650,2-slot,16-pin,5,16,false,3x DP 2.1b + 1x HDMI 2.1a,4,12 Ultimate,3.0,12.0,false,549,452.0,18.0,37.95,50.0,253.0,https://www.newegg.com/p/pl?d=GeForce%20RTX%205070,https://www.amazon.com/s?k=GeForce%20RTX%205070,https://www.bhphotovideo.com/c/search?q=GeForce%20RTX%205070,https://www.ebay.com/sch/i.html?_nkw=GeForce%20RTX%205070%20GPU&LH_Sold=1,37.67,21.08,0.0684,0.1221,gaming,null,2026-05-06T18:30
GeForce RTX 4090,NVIDIA,NVIDIA,consumer,Ada Lovelace,AD102,2022,2022-10-12,false,4,76.3,608.5,24,GDDR6X,384,1008,16384,null,null,512,128,null,2230,2520,82.58,null,null,null,450,850,2-slot,16-pin,4,16,false,3x DP 1.4a + 1x HDMI 2.1,4,12 Ultimate,3.0,8.9,false,1599,1764.0,400.0,35.0,42.0,735.0,https://www.newegg.com/p/pl?d=GeForce%20RTX%204090,https://www.amazon.com/s?k=GeForce%20RTX%204090,https://www.bhphotovideo.com/c/search?q=GeForce%20RTX%204090,https://www.ebay.com/sch/i.html?_nkw=GeForce%20RTX%204090%20GPU&LH_Sold=1,73.5,30.62,0.0468,0.1124,"gaming,ai_inference,ai_training,rendering",null,2026-05-06T18:30
GeForce RTX 4080 Super,NVIDIA,NVIDIA,consumer,Ada Lovelace,AD103,2024,2024-01-31,false,4,45.9,378.6,16,GDDR6X,256,736,10240,null,null,320,80,null,2205,2550,51.3,null,null,null,320,750,2-slot,16-pin,4,16,false,3x DP 1.4a + 1x HDMI 2.1,4,12 Ultimate,3.0,8.9,false,999,896.0,1699.95,68.62,70.0,426.0,https://www.newegg.com/p/pl?d=GeForce%20RTX%204080%20Super,https://www.amazon.com/s?k=GeForce%20RTX%204080%20Super,https://www.bhphotovideo.com/c/search?q=GeForce%20RTX%204080%20Super,https://www.ebay.com/sch/i.html?_nkw=GeForce%20RTX%204080%20Super%20GPU&LH_Sold=1,56.0,26.62,0.0573,0.1204,"gaming,ai_inference,rendering",null,2026-05-06T18:30
GeForce RTX 4080,NVIDIA,NVIDIA,consumer,Ada Lovelace,AD103,2022,2022-11-16,false,4,45.9,378.6,16,GDDR6X,256,716.8,9728,null,null,304,76,null,2210,2505,48.74,null,null,null,320,750,2-slot,16-pin,4,16,false,3x DP 1.4a + 1x HDMI 2.1,4,12 Ultimate,3.0,8.9,false,1199,871.0,14.0,37.95,55.0,407.0,https://www.newegg.com/p/pl?d=GeForce%20RTX%204080,https://www.amazon.com/s?k=GeForce%20RTX%204080,https://www.bhphotovideo.com/c/search?q=GeForce%20RTX%204080,https://www.ebay.com/sch/i.html?_nkw=GeForce%20RTX%204080%20GPU&LH_Sold=1,54.44,25.44,0.056,0.1198,"gaming,ai_inference,rendering",null,2026-05-06T18:30
GeForce RTX 4070 Ti Super,NVIDIA,NVIDIA,consumer,Ada Lovelace,AD103,2024,2024-01-24,false,4,45.9,378.6,16,GDDR6X,256,672,8448,null,null,264,66,null,2340,2610,44.1,null,null,null,285,700,2-slot,16-pin,4,16,false,3x DP 1.4a + 1x HDMI 2.1,4,12 Ultimate,3.0,8.9,false,799,681.0,41.0,145.0,79.0,341.0,https://www.newegg.com/p/pl?d=GeForce%20RTX%204070%20Ti%20Super,https://www.amazon.com/s?k=GeForce%20RTX%204070%20Ti%20Super,https://www.bhphotovideo.com/c/search?q=GeForce%20RTX%204070%20Ti%20Super,https://www.ebay.com/sch/i.html?_nkw=GeForce%20RTX%204070%20Ti%20Super%20GPU&LH_Sold=1,42.56,21.31,0.0648,0.1293,"gaming,ai_inference",null,2026-05-06T18:30
GeForce RTX 4070 Ti,NVIDIA,NVIDIA,consumer,Ada Lovelace,AD104,2023,2023-01-05,false,4,35.8,294.5,12,GDDR6X,192,504,7680,null,null,240,60,null,2310,2610,40.09,null,null,null,285,700,2-slot,16-pin,4,16,false,3x DP 1.4a + 1x HDMI 2.1,4,12 Ultimate,3.0,8.9,false,799,681.0,14.0,21.0,50.0,361.0,https://www.newegg.com/p/pl?d=GeForce%20RTX%204070%20Ti,https://www.amazon.com/s?k=GeForce%20RTX%204070%20Ti,https://www.bhphotovideo.com/c/search?q=GeForce%20RTX%204070%20Ti,https://www.ebay.com/sch/i.html?_nkw=GeForce%20RTX%204070%20Ti%20GPU&LH_Sold=1,56.75,30.08,0.0589,0.1111,"gaming,ai_inference",null,2026-05-06T18:30
GeForce RTX 4070 Super,NVIDIA,NVIDIA,consumer,Ada Lovelace,AD104,2024,2024-01-17,false,4,35.8,294.5,12,GDDR6X,192,504,7168,null,null,224,56,null,1980,2475,35.48,null,null,null,220,650,2-slot,16-pin,4,16,false,3x DP 1.4a + 1x HDMI 2.1,4,12 Ultimate,3.0,8.9,false,599,446.0,50.0,291.3,null,240.0,https://www.newegg.com/p/pl?d=GeForce%20RTX%204070%20Super,https://www.amazon.com/s?k=GeForce%20RTX%204070%20Super,https://www.bhphotovideo.com/c/search?q=GeForce%20RTX%204070%20Super,https://www.ebay.com/sch/i.html?_nkw=GeForce%20RTX%204070%20Super%20GPU&LH_Sold=1,37.17,20.0,0.0796,0.1478,gaming,null,2026-05-06T18:30
GeForce RTX 4070,NVIDIA,NVIDIA,consumer,Ada Lovelace,AD104,2023,2023-04-13,false,4,35.8,294.5,12,GDDR6X,192,504,5888,null,null,184,46,null,1920,2475,29.15,null,null,null,200,650,2-slot,16-pin,4,16,false,3x DP 1.4a + 1x HDMI 2.1,4,12 Ultimate,3.0,8.9,false,599,457.0,14.0,82.9,35.0,254.0,https://www.newegg.com/p/pl?d=GeForce%20RTX%204070,https://www.amazon.com/s?k=GeForce%20RTX%204070,https://www.bhphotovideo.com/c/search?q=GeForce%20RTX%204070,https://www.ebay.com/sch/i.html?_nkw=GeForce%20RTX%204070%20GPU&LH_Sold=1,38.08,21.17,0.0638,0.1148,gaming,null,2026-05-06T18:30
GeForce RTX 4060 Ti 16GB,NVIDIA,NVIDIA,consumer,Ada Lovelace,AD106,2023,2023-07-18,false,4,22.9,190,16,GDDR6,128,288,4352,null,null,136,34,null,2310,2540,22.06,null,null,null,160,550,2-slot,PCIe 8-pin,4,8,false,3x DP 1.4a + 1x HDMI 2.1,4,12 Ultimate,3.0,8.9,false,499,324.0,11.0,375.85,30.0,160.0,https://www.newegg.com/p/pl?d=GeForce%20RTX%204060%20Ti%2016GB,https://www.amazon.com/s?k=GeForce%20RTX%204060%20Ti%2016GB,https://www.bhphotovideo.com/c/search?q=GeForce%20RTX%204060%20Ti%2016GB,https://www.ebay.com/sch/i.html?_nkw=GeForce%20RTX%204060%20Ti%2016GB%20GPU&LH_Sold=1,20.25,10.0,0.0681,0.1379,"gaming,ai_inference,budget",null,2026-05-06T18:30
GeForce RTX 4060 Ti 8GB,NVIDIA,NVIDIA,consumer,Ada Lovelace,AD106,2023,2023-05-24,false,4,22.9,190,8,GDDR6,128,288,4352,null,null,136,34,null,2310,2540,22.06,null,null,null,160,550,2-slot,PCIe 8-pin,4,8,false,3x DP 1.4a + 1x HDMI 2.1,4,12 Ultimate,3.0,8.9,false,399,329.0,12.0,235.12,273.0,165.0,https://www.newegg.com/p/pl?d=GeForce%20RTX%204060%20Ti%208GB,https://www.amazon.com/s?k=GeForce%20RTX%204060%20Ti%208GB,https://www.bhphotovideo.com/c/search?q=GeForce%20RTX%204060%20Ti%208GB,https://www.ebay.com/sch/i.html?_nkw=GeForce%20RTX%204060%20Ti%208GB%20GPU&LH_Sold=1,41.12,20.62,0.0671,0.1337,gaming,null,2026-05-06T18:30
GeForce RTX 4060,NVIDIA,NVIDIA,consumer,Ada Lovelace,AD107,2023,2023-06-29,false,4,18.9,146,8,GDDR6,128,272,3072,null,null,96,24,null,1830,2460,15.11,null,null,null,115,550,2-slot,PCIe 8-pin,4,8,false,3x DP 1.4a + 1x HDMI 2.1,4,12 Ultimate,3.0,8.9,false,299,231.0,450.0,299.0,42.0,110.0,https://www.newegg.com/p/pl?d=GeForce%20RTX%204060,https://www.amazon.com/s?k=GeForce%20RTX%204060,https://www.bhphotovideo.com/c/search?q=GeForce%20RTX%204060,https://www.ebay.com/sch/i.html?_nkw=GeForce%20RTX%204060%20GPU&LH_Sold=1,28.88,13.75,0.0654,0.1374,"gaming,budget",null,2026-05-06T18:30
GeForce RTX 3090 Ti,NVIDIA,NVIDIA,consumer,Ampere,GA102,2022,2022-03-29,false,8,28.3,628.4,24,GDDR6X,384,1008,10752,null,null,336,84,null,1560,1860,39.99,null,null,null,450,850,2-slot,16-pin,4,16,true,3x DP 1.4a + 1x HDMI 2.1,4,12 Ultimate,3.0,8.6,false,1999,605.0,2289.0,null,30.0,294.0,https://www.newegg.com/p/pl?d=GeForce%20RTX%203090%20Ti,https://www.amazon.com/s?k=GeForce%20RTX%203090%20Ti,https://www.bhphotovideo.com/c/search?q=GeForce%20RTX%203090%20Ti,https://www.ebay.com/sch/i.html?_nkw=GeForce%20RTX%203090%20Ti%20GPU&LH_Sold=1,25.21,12.25,0.0661,0.136,"gaming,ai_inference,rendering",null,2026-05-06T18:30
GeForce RTX 3090,NVIDIA,NVIDIA,consumer,Ampere,GA102,2020,2020-09-24,null,8,28.3,628.4,24,GDDR6X,384,936,10496,null,null,328,82,null,1395,1695,35.58,null,null,null,350,750,2-slot,2x PCIe 8-pin,4,16,true,3x DP 1.4a + 1x HDMI 2.1,4,12 Ultimate,3.0,8.6,false,1499,605.0,14.0,null,null,316.0,https://www.newegg.com/p/pl?d=GeForce%20RTX%203090,https://www.amazon.com/s?k=GeForce%20RTX%203090,https://www.bhphotovideo.com/c/search?q=GeForce%20RTX%203090,https://www.ebay.com/sch/i.html?_nkw=GeForce%20RTX%203090%20GPU&LH_Sold=1,25.21,13.17,0.0588,0.1126,"gaming,ai_inference,ai_training",null,2026-05-06T18:30
GeForce RTX 3080 Ti,NVIDIA,NVIDIA,consumer,Ampere,GA102,2021,2021-06-03,null,8,28.3,628.4,12,GDDR6X,384,912,10240,null,null,320,80,null,1365,1665,34.1,null,null,null,350,750,2-slot,16-pin,4,16,false,3x DP 1.4a + 1x HDMI 2.1,4,12 Ultimate,3.0,8.6,false,1199,467.0,14.0,null,30.0,280.0,https://www.newegg.com/p/pl?d=GeForce%20RTX%203080%20Ti,https://www.amazon.com/s?k=GeForce%20RTX%203080%20Ti,https://www.bhphotovideo.com/c/search?q=GeForce%20RTX%203080%20Ti,https://www.ebay.com/sch/i.html?_nkw=GeForce%20RTX%203080%20Ti%20GPU&LH_Sold=1,38.92,23.33,0.073,0.1218,"gaming,ai_inference",null,2026-05-06T18:30
GeForce RTX 3080 12GB,NVIDIA,NVIDIA,consumer,Ampere,GA102,2022,2022-01-11,false,8,28.3,628.4,12,GDDR6X,384,912,8960,null,null,280,70,null,1260,1710,30.64,null,null,null,350,750,2-slot,16-pin,4,16,false,3x DP 1.4a + 1x HDMI 2.1,4,12 Ultimate,3.0,8.6,false,799,466.0,300.0,null,50.0,292.0,https://www.newegg.com/p/pl?d=GeForce%20RTX%203080%2012GB,https://www.amazon.com/s?k=GeForce%20RTX%203080%2012GB,https://www.bhphotovideo.com/c/search?q=GeForce%20RTX%203080%2012GB,https://www.ebay.com/sch/i.html?_nkw=GeForce%20RTX%203080%2012GB%20GPU&LH_Sold=1,38.83,24.33,0.0658,0.1049,"gaming,ai_inference",null,2026-05-06T18:30
GeForce RTX 3080,NVIDIA,NVIDIA,consumer,Ampere,GA102,2020,2020-09-17,null,8,28.3,628.4,10,GDDR6X,320,760,8704,null,null,272,68,null,1440,1710,29.77,null,null,null,320,750,2-slot,16-pin,4,16,false,3x DP 1.4a + 1x HDMI 2.1,4,12 Ultimate,3.0,8.6,false,699,467.0,14.0,null,117.0,256.0,https://www.newegg.com/p/pl?d=GeForce%20RTX%203080,https://www.amazon.com/s?k=GeForce%20RTX%203080,https://www.bhphotovideo.com/c/search?q=GeForce%20RTX%203080,https://www.ebay.com/sch/i.html?_nkw=GeForce%20RTX%203080%20GPU&LH_Sold=1,46.7,25.6,0.0637,0.1163,"gaming,ai_inference",null,2026-05-06T18:30
GeForce RTX 3070 Ti,NVIDIA,NVIDIA,consumer,Ampere,GA104,2021,2021-06-10,null,8,17.4,392.5,8,GDDR6X,256,608,6144,null,null,192,48,null,1580,1770,21.7,null,null,null,290,750,2-slot,16-pin,4,16,false,3x DP 1.4a + 1x HDMI 2.1,4,12 Ultimate,3.0,8.6,false,599,337.0,14.0,null,35.0,204.0,https://www.newegg.com/p/pl?d=GeForce%20RTX%203070%20Ti,https://www.amazon.com/s?k=GeForce%20RTX%203070%20Ti,https://www.bhphotovideo.com/c/search?q=GeForce%20RTX%203070%20Ti,https://www.ebay.com/sch/i.html?_nkw=GeForce%20RTX%203070%20Ti%20GPU&LH_Sold=1,42.12,25.5,0.0644,0.1064,gaming,null,2026-05-06T18:30
GeForce RTX 3070,NVIDIA,NVIDIA,consumer,Ampere,GA104,2020,2020-10-29,null,8,17.4,392.5,8,GDDR6,256,448,5888,null,null,184,46,null,1500,1725,20.31,null,null,null,220,650,2-slot,PCIe 8-pin,4,16,false,3x DP 1.4a + 1x HDMI 2.1,4,12 Ultimate,3.0,8.6,false,499,337.0,14.0,null,35.0,203.0,https://www.newegg.com/p/pl?d=GeForce%20RTX%203070,https://www.amazon.com/s?k=GeForce%20RTX%203070,https://www.bhphotovideo.com/c/search?q=GeForce%20RTX%203070,https://www.ebay.com/sch/i.html?_nkw=GeForce%20RTX%203070%20GPU&LH_Sold=1,42.12,25.38,0.0603,0.1,gaming,null,2026-05-06T18:30
GeForce RTX 3060 Ti,NVIDIA,NVIDIA,consumer,Ampere,GA104,2020,2020-12-02,null,8,17.4,392.5,8,GDDR6,256,448,4864,null,null,152,38,null,1410,1665,16.2,null,null,null,200,600,2-slot,PCIe 8-pin,4,16,false,3x DP 1.4a + 1x HDMI 2.1,4,12 Ultimate,3.0,8.6,false,399,240.0,14.0,null,42.0,118.0,https://www.newegg.com/p/pl?d=GeForce%20RTX%203060%20Ti,https://www.amazon.com/s?k=GeForce%20RTX%203060%20Ti,https://www.bhphotovideo.com/c/search?q=GeForce%20RTX%203060%20Ti,https://www.ebay.com/sch/i.html?_nkw=GeForce%20RTX%203060%20Ti%20GPU&LH_Sold=1,30.0,14.75,0.0675,0.1373,gaming,null,2026-05-06T18:30
GeForce RTX 3060,NVIDIA,NVIDIA,consumer,Ampere,GA106,2021,2021-02-25,null,8,13.25,276,12,GDDR6,192,360,3584,null,null,112,28,null,1320,1777,12.74,null,null,null,170,550,2-slot,PCIe 8-pin,4,16,false,3x DP 1.4a + 1x HDMI 2.1,4,12 Ultimate,3.0,8.6,false,329,248.0,14.0,null,30.0,118.0,https://www.newegg.com/p/pl?d=GeForce%20RTX%203060,https://www.amazon.com/s?k=GeForce%20RTX%203060,https://www.bhphotovideo.com/c/search?q=GeForce%20RTX%203060,https://www.ebay.com/sch/i.html?_nkw=GeForce%20RTX%203060%20GPU&LH_Sold=1,20.67,9.83,0.0514,0.108,"gaming,budget",null,2026-05-06T18:30
GeForce RTX 3050,NVIDIA,NVIDIA,consumer,Ampere,GA107,2022,2022-01-27,false,8,8.7,200,8,GDDR6,128,224,2560,null,null,80,20,null,1552,1777,9.098,null,null,null,130,550,2-slot,PCIe 8-pin,4,8,false,3x DP 1.4a + 1x HDMI 2.1,4,12 Ultimate,3.0,8.6,false,249,179.0,14.0,null,null,84.0,https://www.newegg.com/p/pl?d=GeForce%20RTX%203050,https://www.amazon.com/s?k=GeForce%20RTX%203050,https://www.bhphotovideo.com/c/search?q=GeForce%20RTX%203050,https://www.ebay.com/sch/i.html?_nkw=GeForce%20RTX%203050%20GPU&LH_Sold=1,22.38,10.5,0.0508,0.1083,"gaming,budget",null,2026-05-06T18:30
GeForce RTX 2080 Ti,NVIDIA,NVIDIA,consumer,Turing,TU102,2018,2018-09-27,true,12,18.6,754,11,GDDR6,352,616,4352,null,null,544,68,null,1350,1545,13.45,null,null,null,250,650,2-slot,2x PCIe 8-pin,3,16,false,3x DP 1.4 + 1x HDMI 2.0 + 1x USB-C,4,12,3.0,7.5,false,999,361.0,14.0,null,30.0,210.0,https://www.newegg.com/p/pl?d=GeForce%20RTX%202080%20Ti,https://www.amazon.com/s?k=GeForce%20RTX%202080%20Ti,https://www.bhphotovideo.com/c/search?q=GeForce%20RTX%202080%20Ti,https://www.ebay.com/sch/i.html?_nkw=GeForce%20RTX%202080%20Ti%20GPU&LH_Sold=1,32.82,19.09,0.0373,0.064,"gaming,ai_inference,rendering",Discontinued,2026-05-06T18:30
GeForce RTX 2080 Super,NVIDIA,NVIDIA,consumer,Turing,TU104,2019,2019-07-23,null,12,13.6,545,8,GDDR6,256,496,3072,null,null,384,48,null,1650,1815,22.3,null,null,null,250,650,2-slot,2x PCIe 8-pin,3,16,false,3x DP 1.4 + 1x HDMI 2.0 + 1x USB-C,4,12,3.0,7.5,false,699,357.0,14.0,null,30.0,217.0,https://www.newegg.com/p/pl?d=GeForce%20RTX%202080%20Super,https://www.amazon.com/s?k=GeForce%20RTX%202080%20Super,https://www.bhphotovideo.com/c/search?q=GeForce%20RTX%202080%20Super,https://www.ebay.com/sch/i.html?_nkw=GeForce%20RTX%202080%20Super%20GPU&LH_Sold=1,44.62,27.12,0.0625,0.1028,gaming,null,2026-05-06T18:30
GeForce RTX 2080,NVIDIA,NVIDIA,consumer,Turing,TU104,2018,2018-09-20,true,12,13.6,545,8,GDDR6,256,448,2944,null,null,368,46,null,1515,1710,20.14,null,null,null,215,650,2-slot,2x PCIe 8-pin,3,16,false,3x DP 1.4 + 1x HDMI 2.0 + 1x USB-C,4,12,3.0,7.5,false,699,370.0,30.0,null,42.0,220.0,https://www.newegg.com/p/pl?d=GeForce%20RTX%202080,https://www.amazon.com/s?k=GeForce%20RTX%202080,https://www.bhphotovideo.com/c/search?q=GeForce%20RTX%202080,https://www.ebay.com/sch/i.html?_nkw=GeForce%20RTX%202080%20GPU&LH_Sold=1,46.25,27.5,0.0544,0.0915,gaming,Discontinued,2026-05-06T18:30
GeForce RTX 2070 Super,NVIDIA,NVIDIA,consumer,Turing,TU104,2019,2019-07-09,null,12,13.6,545,8,GDDR6,256,448,2560,null,null,320,40,null,1605,1770,18.13,null,null,null,215,550,2-slot,PCIe 8-pin,3,16,false,3x DP 1.4 + 1x HDMI 2.0 + 1x USB-C,4,12,3.0,7.5,false,499,254.0,14.0,null,42.0,128.0,https://www.newegg.com/p/pl?d=GeForce%20RTX%202070%20Super,https://www.amazon.com/s?k=GeForce%20RTX%202070%20Super,https://www.bhphotovideo.com/c/search?q=GeForce%20RTX%202070%20Super,https://www.ebay.com/sch/i.html?_nkw=GeForce%20RTX%202070%20Super%20GPU&LH_Sold=1,31.75,16.0,0.0714,0.1416,gaming,null,2026-05-06T18:30
GeForce RTX 2070,NVIDIA,NVIDIA,consumer,Turing,TU106,2018,2018-10-17,true,12,10.8,445,8,GDDR6,256,448,2304,null,null,288,36,null,1410,1620,14.93,null,null,null,175,550,2-slot,PCIe 8-pin,3,16,false,3x DP 1.4 + 1x HDMI 2.0 + 1x USB-C,4,12,3.0,7.5,false,499,256.0,14.0,21.98,40.0,127.0,https://www.newegg.com/p/pl?d=GeForce%20RTX%202070,https://www.amazon.com/s?k=GeForce%20RTX%202070,https://www.bhphotovideo.com/c/search?q=GeForce%20RTX%202070,https://www.ebay.com/sch/i.html?_nkw=GeForce%20RTX%202070%20GPU&LH_Sold=1,32.0,15.88,0.0583,0.1176,gaming,Discontinued,2026-05-06T18:30
GeForce RTX 2060 Super,NVIDIA,NVIDIA,consumer,Turing,TU106,2019,2019-07-09,null,12,10.8,445,8,GDDR6,256,448,2176,null,null,272,34,null,1470,1650,14.36,null,null,null,175,500,2-slot,PCIe 8-pin,3,16,false,3x DP 1.4 + 1x HDMI 2.0 + 1x USB-C,4,12,3.0,7.5,false,399,238.0,14.0,35.0,30.0,113.0,https://www.newegg.com/p/pl?d=GeForce%20RTX%202060%20Super,https://www.amazon.com/s?k=GeForce%20RTX%202060%20Super,https://www.bhphotovideo.com/c/search?q=GeForce%20RTX%202060%20Super,https://www.ebay.com/sch/i.html?_nkw=GeForce%20RTX%202060%20Super%20GPU&LH_Sold=1,29.75,14.12,0.0603,0.1271,gaming,null,2026-05-06T18:30
GeForce RTX 2060,NVIDIA,NVIDIA,consumer,Turing,TU106,2019,2019-01-15,null,12,10.8,445,6,GDDR6,192,336,1920,null,null,240,30,null,1365,1680,12.9,null,null,null,160,500,2-slot,PCIe 8-pin,3,16,false,3x DP 1.4 + 1x HDMI 2.0 + 1x USB-C,4,12,3.0,7.5,false,349,229.0,14.0,21.0,79.0,113.0,https://www.newegg.com/p/pl?d=GeForce%20RTX%202060,https://www.amazon.com/s?k=GeForce%20RTX%202060,https://www.bhphotovideo.com/c/search?q=GeForce%20RTX%202060,https://www.ebay.com/sch/i.html?_nkw=GeForce%20RTX%202060%20GPU&LH_Sold=1,38.17,18.83,0.0563,0.1142,"gaming,budget",null,2026-05-06T18:30
GeForce GTX 1660 Ti,NVIDIA,NVIDIA,consumer,Turing,TU116,2019,2019-02-22,null,12,6.6,284,6,GDDR6,192,288,1536,null,null,null,null,null,1500,1770,5.437,null,null,null,120,450,2-slot,PCIe 8-pin,3,16,false,3x DP 1.4 + 1x HDMI 2.0 + 1x DVI,3,12,3.0,7.5,false,279,128.0,14.0,35.0,null,69.0,https://www.newegg.com/p/pl?d=GeForce%20GTX%201660%20Ti,https://www.amazon.com/s?k=GeForce%20GTX%201660%20Ti,https://www.bhphotovideo.com/c/search?q=GeForce%20GTX%201660%20Ti,https://www.ebay.com/sch/i.html?_nkw=GeForce%20GTX%201660%20Ti%20GPU&LH_Sold=1,21.33,11.5,0.0425,0.0788,"gaming,budget",null,2026-05-06T18:30
GeForce GTX 1660 Super,NVIDIA,NVIDIA,consumer,Turing,TU116,2019,2019-10-29,null,12,6.6,284,6,GDDR6,192,336,1408,null,null,null,null,null,1530,1785,5.027,null,null,null,125,450,2-slot,PCIe 8-pin,3,16,false,3x DP 1.4 + 1x HDMI 2.0 + 1x DVI,3,12,3.0,7.5,false,229,128.0,14.0,35.0,36.0,70.0,https://www.newegg.com/p/pl?d=GeForce%20GTX%201660%20Super,https://www.amazon.com/s?k=GeForce%20GTX%201660%20Super,https://www.bhphotovideo.com/c/search?q=GeForce%20GTX%201660%20Super,https://www.ebay.com/sch/i.html?_nkw=GeForce%20GTX%201660%20Super%20GPU&LH_Sold=1,21.33,11.67,0.0393,0.0718,"gaming,budget",null,2026-05-06T18:30
GeForce GTX 1660,NVIDIA,NVIDIA,consumer,Turing,TU116,2019,2019-03-14,null,12,6.6,284,6,GDDR5,192,192,1408,null,null,null,null,null,1530,1785,5.027,null,null,null,120,450,2-slot,PCIe 8-pin,3,16,false,3x DP 1.4 + 1x HDMI 2.0 + 1x DVI,3,12,3.0,7.5,false,219,129.0,14.0,35.0,35.0,71.0,https://www.newegg.com/p/pl?d=GeForce%20GTX%201660,https://www.amazon.com/s?k=GeForce%20GTX%201660,https://www.bhphotovideo.com/c/search?q=GeForce%20GTX%201660,https://www.ebay.com/sch/i.html?_nkw=GeForce%20GTX%201660%20GPU&LH_Sold=1,21.5,11.83,0.039,0.0708,"gaming,budget",null,2026-05-06T18:30
GeForce GTX 1650 Super,NVIDIA,NVIDIA,consumer,Turing,TU116,2019,2019-11-22,null,12,6.6,284,4,GDDR6,128,192,1280,null,null,null,null,null,1530,1725,4.416,null,null,null,100,400,2-slot,PCIe 6-pin,3,16,false,3x DP 1.4 + 1x HDMI 2.0 + 1x DVI,3,12,3.0,7.5,false,159,94.0,30.0,35.0,36.0,58.0,https://www.newegg.com/p/pl?d=GeForce%20GTX%201650%20Super,https://www.amazon.com/s?k=GeForce%20GTX%201650%20Super,https://www.bhphotovideo.com/c/search?q=GeForce%20GTX%201650%20Super,https://www.ebay.com/sch/i.html?_nkw=GeForce%20GTX%201650%20Super%20GPU&LH_Sold=1,23.5,14.5,0.047,0.0761,"gaming,budget",null,2026-05-06T18:30
GeForce GTX 1650,NVIDIA,NVIDIA,consumer,Turing,TU117,2019,2019-04-23,null,12,4.7,200,4,GDDR5,128,128,896,null,null,null,null,null,1485,1665,2.984,null,null,null,75,300,2-slot,None,3,16,false,3x DP 1.4 + 1x HDMI 2.0 + 1x DVI,3,12,3.0,7.5,false,149,94.0,14.0,29.0,30.0,58.0,https://www.newegg.com/p/pl?d=GeForce%20GTX%201650,https://www.amazon.com/s?k=GeForce%20GTX%201650,https://www.bhphotovideo.com/c/search?q=GeForce%20GTX%201650,https://www.ebay.com/sch/i.html?_nkw=GeForce%20GTX%201650%20GPU&LH_Sold=1,23.5,14.5,0.0317,0.0514,"gaming,budget",null,2026-05-06T18:30
GeForce GTX 1080 Ti,NVIDIA,NVIDIA,consumer,Pascal,GP102,2017,2017-03-10,true,16,12,471,11,GDDR5X,352,484,3584,null,null,null,null,null,1480,1582,11.34,null,null,null,250,600,2-slot,2x PCIe 8-pin,3,16,false,3x DP 1.4 + 1x HDMI 2.0,4,12,3.0,6.1,false,699,145.0,14.0,37.95,42.0,76.0,https://www.newegg.com/p/pl?d=GeForce%20GTX%201080%20Ti,https://www.amazon.com/s?k=GeForce%20GTX%201080%20Ti,https://www.bhphotovideo.com/c/search?q=GeForce%20GTX%201080%20Ti,https://www.ebay.com/sch/i.html?_nkw=GeForce%20GTX%201080%20Ti%20GPU&LH_Sold=1,13.18,6.91,0.0782,0.1492,"gaming,ai_inference,rendering",Discontinued,2026-05-06T18:30
GeForce GTX 1080,NVIDIA,NVIDIA,consumer,Pascal,GP104,2016,2016-05-27,true,16,7.2,314,8,GDDR5X,256,320,2560,null,null,null,null,null,1607,1733,8.87,null,null,null,180,500,2-slot,PCIe 8-pin,3,16,false,3x DP 1.4 + 1x HDMI 2.0,4,12,3.0,6.1,false,599,146.0,11.61,27.97,42.0,77.0,https://www.newegg.com/p/pl?d=GeForce%20GTX%201080,https://www.amazon.com/s?k=GeForce%20GTX%201080,https://www.bhphotovideo.com/c/search?q=GeForce%20GTX%201080,https://www.ebay.com/sch/i.html?_nkw=GeForce%20GTX%201080%20GPU&LH_Sold=1,18.25,9.62,0.0608,0.1152,gaming,Discontinued,2026-05-06T18:30
GeForce GTX 1070 Ti,NVIDIA,NVIDIA,consumer,Pascal,GP104,2017,2017-11-02,true,16,7.2,314,8,GDDR5,256,256,2432,null,null,null,null,null,1607,1683,8.19,null,null,null,180,500,2-slot,PCIe 8-pin,3,16,false,3x DP 1.4 + 1x HDMI 2.0,4,12,3.0,6.1,false,449,102.0,14.0,35.0,35.0,64.0,https://www.newegg.com/p/pl?d=GeForce%20GTX%201070%20Ti,https://www.amazon.com/s?k=GeForce%20GTX%201070%20Ti,https://www.bhphotovideo.com/c/search?q=GeForce%20GTX%201070%20Ti,https://www.ebay.com/sch/i.html?_nkw=GeForce%20GTX%201070%20Ti%20GPU&LH_Sold=1,12.75,8.0,0.0803,0.128,gaming,Discontinued,2026-05-06T18:30
GeForce GTX 1070,NVIDIA,NVIDIA,consumer,Pascal,GP104,2016,2016-06-10,true,16,7.2,314,8,GDDR5,256,256,1920,null,null,null,null,null,1506,1683,6.46,null,null,null,150,500,2-slot,PCIe 8-pin,3,16,false,3x DP 1.4 + 1x HDMI 2.0,4,12,3.0,6.1,false,379,102.0,10.1,28.78,null,64.0,https://www.newegg.com/p/pl?d=GeForce%20GTX%201070,https://www.amazon.com/s?k=GeForce%20GTX%201070,https://www.bhphotovideo.com/c/search?q=GeForce%20GTX%201070,https://www.ebay.com/sch/i.html?_nkw=GeForce%20GTX%201070%20GPU&LH_Sold=1,12.75,8.0,0.0633,0.1009,gaming,Discontinued,2026-05-06T18:30
GeForce GTX 1060 6GB,NVIDIA,NVIDIA,consumer,Pascal,GP106,2016,2016-07-19,true,16,4.4,200,6,GDDR5,192,192,1280,null,null,null,null,null,1506,1708,4.37,null,null,null,120,400,2-slot,PCIe 6-pin,3,16,false,3x DP 1.4 + 1x HDMI 2.0 + 1x DVI,4,12,3.0,6.1,false,249,79.0,14.0,21.82,35.0,52.0,https://www.newegg.com/p/pl?d=GeForce%20GTX%201060%206GB,https://www.amazon.com/s?k=GeForce%20GTX%201060%206GB,https://www.bhphotovideo.com/c/search?q=GeForce%20GTX%201060%206GB,https://www.ebay.com/sch/i.html?_nkw=GeForce%20GTX%201060%206GB%20GPU&LH_Sold=1,13.17,8.67,0.0553,0.084,"gaming,budget",Discontinued,2026-05-06T18:30
GeForce GTX 1050 Ti,NVIDIA,NVIDIA,consumer,Pascal,GP107,2016,2016-10-25,true,14,3.3,132,4,GDDR5,128,112,768,null,null,null,null,null,1290,1392,2.14,null,null,null,75,300,2-slot,None,3,16,false,3x DP 1.4 + 1x HDMI 2.0 + 1x DVI,3,12,3.0,6.1,false,139,61.0,11.0,21.0,30.0,43.0,https://www.newegg.com/p/pl?d=GeForce%20GTX%201050%20Ti,https://www.amazon.com/s?k=GeForce%20GTX%201050%20Ti,https://www.bhphotovideo.com/c/search?q=GeForce%20GTX%201050%20Ti,https://www.ebay.com/sch/i.html?_nkw=GeForce%20GTX%201050%20Ti%20GPU&LH_Sold=1,15.25,10.75,0.0351,0.0498,"gaming,budget",Discontinued,2026-05-06T18:30
GeForce GTX 1050,NVIDIA,NVIDIA,consumer,Pascal,GP107,2016,2016-10-25,true,14,3.3,132,2,GDDR5,128,112,640,null,null,null,null,null,1354,1455,1.86,null,null,null,75,300,2-slot,None,3,16,false,3x DP 1.4 + 1x HDMI 2.0 + 1x DVI,3,12,3.0,6.1,false,109,61.0,11.0,21.0,30.0,43.0,https://www.newegg.com/p/pl?d=GeForce%20GTX%201050,https://www.amazon.com/s?k=GeForce%20GTX%201050,https://www.bhphotovideo.com/c/search?q=GeForce%20GTX%201050,https://www.ebay.com/sch/i.html?_nkw=GeForce%20GTX%201050%20GPU&LH_Sold=1,30.5,21.5,0.0305,0.0433,"gaming,budget",Discontinued,2026-05-06T18:30
GeForce GTX 980 Ti,NVIDIA,NVIDIA,consumer,Maxwell,GM200,2015,2015-06-01,true,28,8,601,6,GDDR5,384,336.5,2816,null,null,null,null,null,1000,1075,6.054,null,null,null,250,600,2-slot,PCIe 8-pin + PCIe 6-pin,3,16,false,3x DP 1.2 + 1x HDMI 2.0,4,12,3.0,5.2,false,649,73.0,13.5,78.0,35.0,51.0,https://www.newegg.com/p/pl?d=GeForce%20GTX%20980%20Ti,https://www.amazon.com/s?k=GeForce%20GTX%20980%20Ti,https://www.bhphotovideo.com/c/search?q=GeForce%20GTX%20980%20Ti,https://www.ebay.com/sch/i.html?_nkw=GeForce%20GTX%20980%20Ti%20GPU&LH_Sold=1,12.17,8.5,0.0829,0.1187,gaming,Discontinued,2026-05-06T18:30
GeForce GTX 980,NVIDIA,NVIDIA,consumer,Maxwell,GM204,2014,2014-09-18,true,28,5.2,398,4,GDDR5,256,224,2048,null,null,null,null,null,1126,1216,4.98,null,null,null,165,500,2-slot,PCIe 8-pin + PCIe 6-pin,3,16,false,3x DP 1.2 + 1x HDMI 2.0,4,12,3.0,5.2,false,549,71.0,13.08,79.97,55.0,49.0,https://www.newegg.com/p/pl?d=GeForce%20GTX%20980,https://www.amazon.com/s?k=GeForce%20GTX%20980,https://www.bhphotovideo.com/c/search?q=GeForce%20GTX%20980,https://www.ebay.com/sch/i.html?_nkw=GeForce%20GTX%20980%20GPU&LH_Sold=1,17.75,12.25,0.0701,0.1016,gaming,Discontinued,2026-05-06T18:30
GeForce GTX 970,NVIDIA,NVIDIA,consumer,Maxwell,GM204,2014,2014-09-18,true,28,5.2,398,4,GDDR5,256,196,1664,null,null,null,null,null,1050,1178,3.92,null,null,null,145,500,2-slot,PCIe 8-pin + PCIe 6-pin,3,16,false,3x DP 1.2 + 1x HDMI 2.0,4,12,3.0,5.2,false,329,61.0,11.0,21.0,92.0,43.0,https://www.newegg.com/p/pl?d=GeForce%20GTX%20970,https://www.amazon.com/s?k=GeForce%20GTX%20970,https://www.bhphotovideo.com/c/search?q=GeForce%20GTX%20970,https://www.ebay.com/sch/i.html?_nkw=GeForce%20GTX%20970%20GPU&LH_Sold=1,15.25,10.75,0.0643,0.0912,gaming,Discontinued,2026-05-06T18:30
GeForce GTX 960,NVIDIA,NVIDIA,consumer,Maxwell,GM206,2015,2015-01-22,true,28,2.94,227,2,GDDR5,128,112,1024,null,null,null,null,null,1127,1178,2.413,null,null,null,120,400,2-slot,PCIe 6-pin,3,16,false,3x DP 1.2 + 1x HDMI 2.0,4,12,3.0,5.2,false,199,47.0,10.53,21.0,70.0,34.0,https://www.newegg.com/p/pl?d=GeForce%20GTX%20960,https://www.amazon.com/s?k=GeForce%20GTX%20960,https://www.bhphotovideo.com/c/search?q=GeForce%20GTX%20960,https://www.ebay.com/sch/i.html?_nkw=GeForce%20GTX%20960%20GPU&LH_Sold=1,23.5,17.0,0.0513,0.071,"gaming,budget",Discontinued,2026-05-06T18:30
GeForce GTX 950,NVIDIA,NVIDIA,consumer,Maxwell,GM206,2015,2015-08-20,true,28,2.94,227,2,GDDR5,128,105.6,768,null,null,null,null,null,1024,1188,1.82,null,null,null,90,350,2-slot,PCIe 6-pin,3,16,false,3x DP 1.2 + 1x HDMI 2.0,4,12,3.0,5.2,false,159,76.0,12.0,39.0,49.0,70.0,https://www.newegg.com/p/pl?d=GeForce%20GTX%20950,https://www.amazon.com/s?k=GeForce%20GTX%20950,https://www.bhphotovideo.com/c/search?q=GeForce%20GTX%20950,https://www.ebay.com/sch/i.html?_nkw=GeForce%20GTX%20950%20GPU&LH_Sold=1,38.0,35.0,0.0239,0.026,"gaming,budget",Discontinued,2026-05-06T18:30
GeForce GTX 780 Ti,NVIDIA,NVIDIA,consumer,Kepler,GK110,2013,2013-11-07,true,28,7.08,561,3,GDDR5,384,336,2880,null,null,null,null,null,876,928,5.05,null,null,null,250,600,2-slot,PCIe 8-pin + PCIe 6-pin,3,16,false,2x DP 1.2 + 1x HDMI 1.4 + 1x DVI,4,12,3.0,3.5,false,699,53.0,100.0,21.0,40.0,38.0,https://www.newegg.com/p/pl?d=GeForce%20GTX%20780%20Ti,https://www.amazon.com/s?k=GeForce%20GTX%20780%20Ti,https://www.bhphotovideo.com/c/search?q=GeForce%20GTX%20780%20Ti,https://www.ebay.com/sch/i.html?_nkw=GeForce%20GTX%20780%20Ti%20GPU&LH_Sold=1,17.67,12.67,0.0953,0.1329,gaming,Discontinued,2026-05-06T18:30
GeForce GTX 780,NVIDIA,NVIDIA,consumer,Kepler,GK110,2013,2013-05-23,true,28,7.08,561,3,GDDR5,384,288,2304,null,null,null,null,null,863,900,3.98,null,null,null,250,600,2-slot,PCIe 8-pin + PCIe 6-pin,3,16,false,2x DP 1.2 + 1x HDMI 1.4 + 1x DVI,4,12,3.0,3.5,false,649,53.0,11.0,39.92,41.0,40.0,https://www.newegg.com/p/pl?d=GeForce%20GTX%20780,https://www.amazon.com/s?k=GeForce%20GTX%20780,https://www.bhphotovideo.com/c/search?q=GeForce%20GTX%20780,https://www.ebay.com/sch/i.html?_nkw=GeForce%20GTX%20780%20GPU&LH_Sold=1,17.67,13.33,0.0751,0.0995,gaming,Discontinued,2026-05-06T18:30
GeForce GTX 770,NVIDIA,NVIDIA,consumer,Kepler,GK104,2013,2013-05-30,true,28,3.54,294,2,GDDR5,256,224,1536,null,null,null,null,null,1046,1085,3.21,null,null,null,230,600,2-slot,PCIe 8-pin + PCIe 6-pin,3,16,false,2x DP 1.2 + 1x HDMI 1.4 + 1x DVI,4,12,3.0,3.0,false,399,77.0,75.0,21.0,35.0,75.0,https://www.newegg.com/p/pl?d=GeForce%20GTX%20770,https://www.amazon.com/s?k=GeForce%20GTX%20770,https://www.bhphotovideo.com/c/search?q=GeForce%20GTX%20770,https://www.ebay.com/sch/i.html?_nkw=GeForce%20GTX%20770%20GPU&LH_Sold=1,38.5,37.5,0.0417,0.0428,gaming,Discontinued,2026-05-06T18:30
GeForce GTX 760,NVIDIA,NVIDIA,consumer,Kepler,GK104,2013,2013-06-25,true,28,3.54,294,2,GDDR5,256,192,1152,null,null,null,null,null,980,1033,2.26,null,null,null,170,500,2-slot,PCIe 6-pin,3,16,false,2x DP 1.2 + 1x HDMI 1.4 + 1x DVI,4,12,3.0,3.0,false,249,73.0,12.23,54.95,40.0,72.0,https://www.newegg.com/p/pl?d=GeForce%20GTX%20760,https://www.amazon.com/s?k=GeForce%20GTX%20760,https://www.bhphotovideo.com/c/search?q=GeForce%20GTX%20760,https://www.ebay.com/sch/i.html?_nkw=GeForce%20GTX%20760%20GPU&LH_Sold=1,36.5,36.0,0.031,0.0314,gaming,Discontinued,2026-05-06T18:30
GeForce GTX 750 Ti,NVIDIA,NVIDIA,consumer,Maxwell,GM107,2014,2014-02-18,true,28,1.87,148,2,GDDR5,128,86.4,640,null,null,null,null,null,1020,1085,1.306,null,null,null,60,400,2-slot,None,3,16,false,2x DP 1.2 + 1x HDMI 1.4 + 1x DVI,4,12,3.0,5.0,false,149,35.0,30.0,37.95,35.0,26.0,https://www.newegg.com/p/pl?d=GeForce%20GTX%20750%20Ti,https://www.amazon.com/s?k=GeForce%20GTX%20750%20Ti,https://www.bhphotovideo.com/c/search?q=GeForce%20GTX%20750%20Ti,https://www.ebay.com/sch/i.html?_nkw=GeForce%20GTX%20750%20Ti%20GPU&LH_Sold=1,17.5,13.0,0.0373,0.0502,"gaming,budget",Discontinued,2026-05-06T18:30
GeForce GTX 750,NVIDIA,NVIDIA,consumer,Maxwell,GM107,2014,2014-02-18,true,28,1.87,148,1,GDDR5,128,80,512,null,null,null,null,null,1020,1085,1.045,null,null,null,55,400,2-slot,None,3,16,false,2x DP 1.2 + 1x HDMI 1.4 + 1x DVI,4,12,3.0,5.0,false,119,35.0,12.0,35.0,54.0,26.0,https://www.newegg.com/p/pl?d=GeForce%20GTX%20750,https://www.amazon.com/s?k=GeForce%20GTX%20750,https://www.bhphotovideo.com/c/search?q=GeForce%20GTX%20750,https://www.ebay.com/sch/i.html?_nkw=GeForce%20GTX%20750%20GPU&LH_Sold=1,35.0,26.0,0.0299,0.0402,"gaming,budget",Discontinued,2026-05-06T18:30
GeForce GTX 680,NVIDIA,NVIDIA,consumer,Kepler,GK104,2012,2012-03-22,true,28,3.54,294,2,GDDR5,256,192,1536,null,null,null,null,null,1006,1058,3.09,null,null,null,195,500,2-slot,2x PCIe 6-pin,3,16,false,2x DP 1.2 + 1x HDMI 1.4 + 1x DVI,4,12,3.0,3.0,false,500,35.0,13.5,129.97,569.0,26.0,https://www.newegg.com/p/pl?d=GeForce%20GTX%20680,https://www.amazon.com/s?k=GeForce%20GTX%20680,https://www.bhphotovideo.com/c/search?q=GeForce%20GTX%20680,https://www.ebay.com/sch/i.html?_nkw=GeForce%20GTX%20680%20GPU&LH_Sold=1,17.5,13.0,0.0883,0.1188,gaming,Discontinued,2026-05-06T18:30
GeForce GTX 670,NVIDIA,NVIDIA,consumer,Kepler,GK104,2012,2012-05-10,true,28,3.54,294,2,GDDR5,256,192,1344,null,null,null,null,null,915,980,2.46,null,null,null,170,500,2-slot,2x PCIe 6-pin,3,16,false,2x DP 1.2 + 1x HDMI 1.4 + 1x DVI,4,12,3.0,3.0,false,400,74.0,100.0,21.0,null,71.0,https://www.newegg.com/p/pl?d=GeForce%20GTX%20670,https://www.amazon.com/s?k=GeForce%20GTX%20670,https://www.bhphotovideo.com/c/search?q=GeForce%20GTX%20670,https://www.ebay.com/sch/i.html?_nkw=GeForce%20GTX%20670%20GPU&LH_Sold=1,37.0,35.5,0.0332,0.0346,gaming,Discontinued,2026-05-06T18:30
GeForce GTX 660 Ti,NVIDIA,NVIDIA,consumer,Kepler,GK104,2012,2012-08-16,true,28,3.54,294,2,GDDR5,192,144,1344,null,null,null,null,null,915,980,2.46,null,null,null,150,450,2-slot,2x PCIe 6-pin,3,16,false,2x DP 1.2 + 1x HDMI 1.4 + 1x DVI,4,12,3.0,3.0,false,300,72.0,75.0,93.77,30.0,71.0,https://www.newegg.com/p/pl?d=GeForce%20GTX%20660%20Ti,https://www.amazon.com/s?k=GeForce%20GTX%20660%20Ti,https://www.bhphotovideo.com/c/search?q=GeForce%20GTX%20660%20Ti,https://www.ebay.com/sch/i.html?_nkw=GeForce%20GTX%20660%20Ti%20GPU&LH_Sold=1,36.0,35.5,0.0342,0.0346,gaming,Discontinued,2026-05-06T18:30
GeForce GTX 660,NVIDIA,NVIDIA,consumer,Kepler,GK106,2012,2012-09-13,true,28,2.54,221,2,GDDR5,192,144,960,null,null,null,null,null,980,1033,1.88,null,null,null,140,450,2-slot,PCIe 6-pin,3,16,false,2x DP 1.2 + 1x HDMI 1.4 + 1x DVI,4,12,3.0,3.0,false,230,76.0,13.5,29.0,500.0,73.0,https://www.newegg.com/p/pl?d=GeForce%20GTX%20660,https://www.amazon.com/s?k=GeForce%20GTX%20660,https://www.bhphotovideo.com/c/search?q=GeForce%20GTX%20660,https://www.ebay.com/sch/i.html?_nkw=GeForce%20GTX%20660%20GPU&LH_Sold=1,38.0,36.5,0.0247,0.0258,gaming,Discontinued,2026-05-06T18:30
GeForce GTX 650 Ti,NVIDIA,NVIDIA,consumer,Kepler,GK106,2012,2012-10-09,true,28,2.54,221,1,GDDR5,128,86.4,768,null,null,null,null,null,928,null,1.425,null,null,null,110,400,2-slot,PCIe 6-pin,3,16,false,1x DP 1.2 + 1x HDMI 1.4 + 1x DVI,4,12,3.0,3.0,false,150,75.0,13.5,93.8,30.0,72.0,https://www.newegg.com/p/pl?d=GeForce%20GTX%20650%20Ti,https://www.amazon.com/s?k=GeForce%20GTX%20650%20Ti,https://www.bhphotovideo.com/c/search?q=GeForce%20GTX%20650%20Ti,https://www.ebay.com/sch/i.html?_nkw=GeForce%20GTX%20650%20Ti%20GPU&LH_Sold=1,75.0,72.0,0.019,0.0198,"gaming,budget",Discontinued,2026-05-06T18:30
GeForce GTX 650,NVIDIA,NVIDIA,consumer,Kepler,GK107,2012,2012-09-13,true,28,1.27,118,1,GDDR5,128,80,384,null,null,null,null,null,1058,null,0.813,null,null,null,64,400,2-slot,None,3,16,false,1x DP 1.2 + 1x HDMI 1.4 + 1x DVI,4,12,3.0,3.0,false,110,77.0,12.0,39.0,null,72.0,https://www.newegg.com/p/pl?d=GeForce%20GTX%20650,https://www.amazon.com/s?k=GeForce%20GTX%20650,https://www.bhphotovideo.com/c/search?q=GeForce%20GTX%20650,https://www.ebay.com/sch/i.html?_nkw=GeForce%20GTX%20650%20GPU&LH_Sold=1,77.0,72.0,0.0106,0.0113,"gaming,budget",Discontinued,2026-05-06T18:30
GeForce GTX 580,NVIDIA,NVIDIA,consumer,Fermi,GF110,2010,2010-11-09,true,40,3,520,1.5,GDDR5,384,192,512,null,null,null,null,null,772,null,1.581,null,null,null,244,600,2-slot,PCIe 8-pin + PCIe 6-pin,2,16,false,2x DP 1.1 + 1x HDMI 1.4 + 1x DVI,4,11,1.1,2.0,false,499,35.0,10.94,65.18,159.0,26.0,https://www.newegg.com/p/pl?d=GeForce%20GTX%20580,https://www.amazon.com/s?k=GeForce%20GTX%20580,https://www.bhphotovideo.com/c/search?q=GeForce%20GTX%20580,https://www.ebay.com/sch/i.html?_nkw=GeForce%20GTX%20580%20GPU&LH_Sold=1,23.33,17.33,0.0452,0.0608,gaming,Discontinued,2026-05-06T18:30
GeForce GTX 570,NVIDIA,NVIDIA,consumer,Fermi,GF110,2010,2010-12-07,true,40,3,520,1.25,GDDR5,320,152,480,null,null,null,null,null,732,null,1.405,null,null,null,219,600,2-slot,PCIe 8-pin + PCIe 6-pin,2,16,false,2x DP 1.1 + 1x HDMI 1.4 + 1x DVI,4,11,1.1,2.0,false,349,75.0,12.0,21.0,null,73.0,https://www.newegg.com/p/pl?d=GeForce%20GTX%20570,https://www.amazon.com/s?k=GeForce%20GTX%20570,https://www.bhphotovideo.com/c/search?q=GeForce%20GTX%20570,https://www.ebay.com/sch/i.html?_nkw=GeForce%20GTX%20570%20GPU&LH_Sold=1,60.0,58.4,0.0187,0.0192,gaming,Discontinued,2026-05-06T18:30
GeForce GTX 560 Ti,NVIDIA,NVIDIA,consumer,Fermi,GF114,2011,2011-01-25,true,40,1.95,332,1,GDDR5,256,128,384,null,null,null,null,null,822,null,1.263,null,null,null,170,500,2-slot,2x PCIe 6-pin,2,16,false,2x DP 1.1 + 1x HDMI 1.4 + 1x DVI,4,11,1.1,2.1,false,249,76.0,12.0,93.77,30.0,69.0,https://www.newegg.com/p/pl?d=GeForce%20GTX%20560%20Ti,https://www.amazon.com/s?k=GeForce%20GTX%20560%20Ti,https://www.bhphotovideo.com/c/search?q=GeForce%20GTX%20560%20Ti,https://www.ebay.com/sch/i.html?_nkw=GeForce%20GTX%20560%20Ti%20GPU&LH_Sold=1,76.0,69.0,0.0166,0.0183,gaming,Discontinued,2026-05-06T18:30
GeForce GTX 560,NVIDIA,NVIDIA,consumer,Fermi,GF114,2011,2011-05-17,true,40,1.95,332,1,GDDR5,256,128,336,null,null,null,null,null,810,null,1.089,null,null,null,150,500,2-slot,2x PCIe 6-pin,2,16,false,2x DP 1.1 + 1x HDMI 1.4 + 1x DVI,4,11,1.1,2.1,false,199,77.0,27.0,39.92,2593.0,74.0,https://www.newegg.com/p/pl?d=GeForce%20GTX%20560,https://www.amazon.com/s?k=GeForce%20GTX%20560,https://www.bhphotovideo.com/c/search?q=GeForce%20GTX%20560,https://www.ebay.com/sch/i.html?_nkw=GeForce%20GTX%20560%20GPU&LH_Sold=1,77.0,74.0,0.0141,0.0147,gaming,Discontinued,2026-05-06T18:30
GeForce GTX 550 Ti,NVIDIA,NVIDIA,consumer,Fermi,GF116,2011,2011-03-15,true,40,1.17,238,1,GDDR5,192,98.5,192,null,null,null,null,null,900,null,0.691,null,null,null,116,400,2-slot,PCIe 6-pin,2,16,false,1x DP 1.1 + 1x HDMI 1.4 + 1x DVI,2,11,1.1,2.1,false,149,78.0,12.0,62.0,30.0,70.0,https://www.newegg.com/p/pl?d=GeForce%20GTX%20550%20Ti,https://www.amazon.com/s?k=GeForce%20GTX%20550%20Ti,https://www.bhphotovideo.com/c/search?q=GeForce%20GTX%20550%20Ti,https://www.ebay.com/sch/i.html?_nkw=GeForce%20GTX%20550%20Ti%20GPU&LH_Sold=1,78.0,70.0,0.0089,0.0099,"gaming,budget",Discontinued,2026-05-06T18:30
NVIDIA Titan RTX,NVIDIA,NVIDIA,consumer,Turing,TU102,2018,2018-12-18,true,12,18.6,754,24,GDDR6,384,672,4608,null,null,576,72,null,1350,1770,16.31,null,null,null,280,650,2-slot,2x PCIe 8-pin,3,16,false,3x DP 1.4 + 1x USB-C,4,12,3.0,7.5,false,2499,210.0,12.0,21.0,34.0,102.0,https://www.newegg.com/p/pl?d=NVIDIA%20Titan%20RTX,https://www.amazon.com/s?k=NVIDIA%20Titan%20RTX,https://www.bhphotovideo.com/c/search?q=NVIDIA%20Titan%20RTX,https://www.ebay.com/sch/i.html?_nkw=NVIDIA%20Titan%20RTX%20GPU&LH_Sold=1,8.75,4.25,0.0777,0.1599,"gaming,ai_inference,rendering,compute",Discontinued,2026-05-06T18:30
NVIDIA Titan V,NVIDIA,NVIDIA,consumer,Volta,GV100,2017,2017-12-07,true,12,21.1,815,12,HBM2,3072,652.8,5120,null,null,640,80,null,1200,1455,14.9,null,null,null,250,600,2-slot,2x PCIe 8-pin,3,16,false,3x DP 1.4 + 1x HDMI,4,12,3.0,7.0,false,2999,224.0,500.0,39.0,23.0,99.0,https://www.newegg.com/p/pl?d=NVIDIA%20Titan%20V,https://www.amazon.com/s?k=NVIDIA%20Titan%20V,https://www.bhphotovideo.com/c/search?q=NVIDIA%20Titan%20V,https://www.ebay.com/sch/i.html?_nkw=NVIDIA%20Titan%20V%20GPU&LH_Sold=1,18.67,8.25,0.0665,0.1505,"ai_inference,compute,rendering",HBM2 memory; HBM memory; Discontinued,2026-05-06T18:30
NVIDIA Titan Xp,NVIDIA,NVIDIA,consumer,Pascal,GP102,2017,2017-04-06,true,16,12,471,12,GDDR5X,384,547.7,3840,null,null,null,null,null,1405,1582,12.15,null,null,null,250,600,2-slot,PCIe 8-pin + PCIe 6-pin,3,16,false,3x DP 1.4 + 1x HDMI 2.0,4,12,3.0,6.1,false,1200,237.0,13.5,53.46,123.0,102.0,https://www.newegg.com/p/pl?d=NVIDIA%20Titan%20Xp,https://www.amazon.com/s?k=NVIDIA%20Titan%20Xp,https://www.bhphotovideo.com/c/search?q=NVIDIA%20Titan%20Xp,https://www.ebay.com/sch/i.html?_nkw=NVIDIA%20Titan%20Xp%20GPU&LH_Sold=1,19.75,8.5,0.0513,0.1191,"gaming,rendering,compute",Discontinued,2026-05-06T18:30
NVIDIA Titan X (Pascal),NVIDIA,NVIDIA,consumer,Pascal,GP102,2016,2016-08-02,true,16,12,471,12,GDDR5X,384,480,3584,null,null,null,null,null,1417,1531,10.97,null,null,null,250,600,2-slot,PCIe 8-pin + PCIe 6-pin,3,16,false,3x DP 1.4 + 1x HDMI 2.0,4,12,3.0,6.1,false,1200,220.0,400.0,37.95,34.0,98.0,https://www.newegg.com/p/pl?d=NVIDIA%20Titan%20X%20%28Pascal%29,https://www.amazon.com/s?k=NVIDIA%20Titan%20X%20%28Pascal%29,https://www.bhphotovideo.com/c/search?q=NVIDIA%20Titan%20X%20%28Pascal%29,https://www.ebay.com/sch/i.html?_nkw=NVIDIA%20Titan%20X%20%28Pascal%29%20GPU&LH_Sold=1,18.33,8.17,0.0499,0.1119,"gaming,rendering,compute",Discontinued,2026-05-06T18:30
NVIDIA Titan X (Maxwell),NVIDIA,NVIDIA,consumer,Maxwell,GM200,2015,2015-03-17,true,28,8,601,12,GDDR5,384,336,3072,null,null,null,null,null,1000,1075,6.6,null,null,null,250,600,2-slot,PCIe 8-pin + PCIe 6-pin,3,16,false,3x DP 1.2 + 1x HDMI 2.0,4,12,3.0,5.2,false,999,224.0,null,245.0,34.0,97.0,https://www.newegg.com/p/pl?d=NVIDIA%20Titan%20X%20%28Maxwell%29,https://www.amazon.com/s?k=NVIDIA%20Titan%20X%20%28Maxwell%29,https://www.bhphotovideo.com/c/search?q=NVIDIA%20Titan%20X%20%28Maxwell%29,https://www.ebay.com/sch/i.html?_nkw=NVIDIA%20Titan%20X%20%28Maxwell%29%20GPU&LH_Sold=1,18.67,8.08,0.0295,0.068,"gaming,rendering,compute",Discontinued,2026-05-06T18:30
NVIDIA Titan Black,NVIDIA,NVIDIA,consumer,Kepler,GK110,2014,2014-02-18,true,28,7.08,561,6,GDDR5,384,336,2880,null,null,null,null,null,889,980,5.13,null,null,null,250,600,2-slot,PCIe 8-pin + PCIe 6-pin,3,16,false,2x DP 1.2 + 1x HDMI 1.4 + 1x DVI,4,12,3.0,3.5,false,999,217.0,13.5,52.0,34.0,96.0,https://www.newegg.com/p/pl?d=NVIDIA%20Titan%20Black,https://www.amazon.com/s?k=NVIDIA%20Titan%20Black,https://www.bhphotovideo.com/c/search?q=NVIDIA%20Titan%20Black,https://www.ebay.com/sch/i.html?_nkw=NVIDIA%20Titan%20Black%20GPU&LH_Sold=1,36.17,16.0,0.0236,0.0534,"rendering,compute",Discontinued,2026-05-06T18:30
NVIDIA Titan,NVIDIA,NVIDIA,consumer,Kepler,GK110,2013,2013-02-21,true,28,7.08,561,6,GDDR5,384,288,2688,null,null,null,null,null,837,876,4.5,null,null,null,250,600,2-slot,PCIe 8-pin + PCIe 6-pin,3,16,false,2x DP 1.2 + 1x HDMI 1.4 + 1x DVI,4,12,3.0,3.5,false,999,220.0,13.5,90.0,55.0,103.0,https://www.newegg.com/p/pl?d=NVIDIA%20Titan,https://www.amazon.com/s?k=NVIDIA%20Titan,https://www.bhphotovideo.com/c/search?q=NVIDIA%20Titan,https://www.ebay.com/sch/i.html?_nkw=NVIDIA%20Titan%20GPU&LH_Sold=1,36.67,17.17,0.0205,0.0437,"rendering,compute",Discontinued,2026-05-06T18:30
NVIDIA Titan Z,NVIDIA,NVIDIA,consumer,Kepler,2x GK110,2014,2014-05-28,Dual-GPU card,28,14.16,1122,12,GDDR5,768,672,5760,null,null,null,null,null,705,876,10.1,null,null,null,375,800,2-slot,2x PCIe 8-pin,3,16,false,3x DP 1.2 + 1x HDMI 1.4 + 1x DVI,4,12,3.0,3.5,false,2999,217.0,13.5,160.0,39.0,99.0,https://www.newegg.com/p/pl?d=NVIDIA%20Titan%20Z,https://www.amazon.com/s?k=NVIDIA%20Titan%20Z,https://www.bhphotovideo.com/c/search?q=NVIDIA%20Titan%20Z,https://www.ebay.com/sch/i.html?_nkw=NVIDIA%20Titan%20Z%20GPU&LH_Sold=1,18.08,8.25,0.0465,0.102,"rendering,compute",Dual-GPU card,2026-05-06T18:30
